instrumentation/instrumentation_FDROID/acr.browser.lightning_101.apk,acr.browser.lightning,acr.browser.lightning.IncognitoActivity.java
instrumentation/instrumentation_FDROID/acr.browser.lightning_101.apk,acr.browser.lightning,acr.browser.lightning.MainActivity.java
instrumentation/instrumentation_FDROID/acr.browser.lightning_101.apk,acr.browser.lightning,acr.browser.lightning.m0.a.java
instrumentation/instrumentation_FDROID/ar.rulosoft.mimanganu_133.apk,ar.rulosoft.mimanganu,ar.rulosoft.mimanganu.servers.JapScan.java
instrumentation/instrumentation_FDROID/ar.rulosoft.mimanganu_133.apk,ar.rulosoft.mimanganu,ar.rulosoft.mimanganu.servers.ServerBase.java
instrumentation/instrumentation_FDROID/ar.rulosoft.mimanganu_133.apk,ar.rulosoft.mimanganu,ar.rulosoft.mimanganu.utils.HtmlUnescape$1.java
instrumentation/instrumentation_FDROID/at.jclehner.rxdroid_9342.apk,at.jclehner.rxdroid,at.jclehner.rxdroid.db.Database.java
instrumentation/instrumentation_FDROID/at.jclehner.rxdroid_9342.apk,at.jclehner.rxdroid,at.jclehner.rxdroid.preferences.TimePeriodPreference$TimePeriod.java
instrumentation/instrumentation_FDROID/at.jclehner.rxdroid_9342.apk,at.jclehner.rxdroid,at.jclehner.rxdroid.util.DateTime.java
instrumentation/instrumentation_FDROID/at.linuxtage.companion_1700002.apk,at.linuxtage.companion,at.linuxtage.companion.db.AppDatabase_Impl.java
instrumentation/instrumentation_FDROID/at.linuxtage.companion_1700002.apk,at.linuxtage.companion,at.linuxtage.companion.db.c.java
instrumentation/instrumentation_FDROID/au.com.wallaceit.reddinator_68.apk,au.com.wallaceit.reddinator,au.com.wallaceit.reddinator.core.RedditData.java
instrumentation/instrumentation_FDROID/au.com.wallaceit.reddinator_68.apk,au.com.wallaceit.reddinator,au.com.wallaceit.reddinator.core.ThemeManager$Theme.java
instrumentation/instrumentation_FDROID/ca.rmen.android.scrumchatter_10606.apk,ca.rmen.android.scrumchatter,ca.rmen.android.scrumchatter.provider.MeetingCursorWrapper.java
instrumentation/instrumentation_FDROID/ca.rmen.android.scrumchatter_10606.apk,ca.rmen.android.scrumchatter,ca.rmen.android.scrumchatter.provider.MeetingMemberCursorWrapper.java
instrumentation/instrumentation_FDROID/ca.rmen.android.scrumchatter_10606.apk,ca.rmen.android.scrumchatter,ca.rmen.android.scrumchatter.provider.MemberCursorWrapper.java
instrumentation/instrumentation_FDROID/ca.rmen.nounours_348.apk,ca.rmen.nounours,ca.rmen.nounours.data.Image.java
instrumentation/instrumentation_FDROID/ca.rmen.nounours_348.apk,ca.rmen.nounours,ca.rmen.nounours.data.Theme.java
instrumentation/instrumentation_FDROID/ca.rmen.nounours_348.apk,ca.rmen.nounours,ca.rmen.nounours.io.AdjacentImageReader.java
instrumentation/instrumentation_FDROID/ca.rmen.nounours_348.apk,ca.rmen.nounours,ca.rmen.nounours.io.AnimationReader.java
instrumentation/instrumentation_FDROID/ca.rmen.nounours_348.apk,ca.rmen.nounours,ca.rmen.nounours.io.ImageFeatureReader.java
instrumentation/instrumentation_FDROID/ca.rmen.nounours_348.apk,ca.rmen.nounours,ca.rmen.nounours.io.ImageReader.java
instrumentation/instrumentation_FDROID/ca.rmen.nounours_348.apk,ca.rmen.nounours,ca.rmen.nounours.io.SoundReader.java
instrumentation/instrumentation_FDROID/ca.rmen.nounours_348.apk,ca.rmen.nounours,ca.rmen.nounours.io.ThemeReader.java
instrumentation/instrumentation_FDROID/ch.abertschi.adfree_36.apk,ch.abertschi.adfree,ch.abertschi.adfree.model.AdDetectableFactory.java
instrumentation/instrumentation_FDROID/ch.abertschi.adfree_36.apk,ch.abertschi.adfree,ch.abertschi.adfree.util.NotificationUtils.java
instrumentation/instrumentation_FDROID/click.dummer.UartSmartwatch_32.apk,click.dummer.UartSmartwatch,click.dummer.UartSmartwatch.DeviceListActivity.java
instrumentation/instrumentation_FDROID/com.aaronhalbert.nosurfforreddit_7.apk,com.aaronhalbert.nosurfforreddit,com.aaronhalbert.nosurfforreddit.NavGraphDirections$GotoLoginUrlGlobalAction.java
instrumentation/instrumentation_FDROID/com.aaronhalbert.nosurfforreddit_7.apk,com.aaronhalbert.nosurfforreddit,com.aaronhalbert.nosurfforreddit.data.local.clickedpostids.ClickedPostIdRoomDatabase_Impl.java
instrumentation/instrumentation_FDROID/com.aaronhalbert.nosurfforreddit_7.apk,com.aaronhalbert.nosurfforreddit,com.aaronhalbert.nosurfforreddit.ui.detail.NoSurfWebViewFragmentArgs.java
instrumentation/instrumentation_FDROID/com.abast.homebot_12.apk,com.abast.homebot,com.abast.homebot.HomeBotPreferenceFragment.java
instrumentation/instrumentation_FDROID/com.adam.aslfms_61.apk,com.adam.aslfms,com.adam.aslfms.MusicAppsActivity.java
instrumentation/instrumentation_FDROID/com.adam.aslfms_61.apk,com.adam.aslfms,com.adam.aslfms.UserCredsListActivity.java
instrumentation/instrumentation_FDROID/com.adam.aslfms_61.apk,com.adam.aslfms,com.adam.aslfms.util.enums.AdvancedOptions.java
instrumentation/instrumentation_FDROID/com.adam.aslfms_61.apk,com.adam.aslfms,com.adam.aslfms.util.enums.AdvancedOptionsWhen.java
instrumentation/instrumentation_FDROID/com.adam.aslfms_61.apk,com.adam.aslfms,com.adam.aslfms.util.enums.NetworkOptions.java
instrumentation/instrumentation_FDROID/com.adguard.android.contentblocker_22000009.apk,com.adguard.android.contentblocker,com.adguard.android.contentblocker.service.NotificationServiceImpl.java
instrumentation/instrumentation_FDROID/com.android.todolist_2.apk,com.android.todolist,com.android.todolist.TasksDatabase_Impl.java
instrumentation/instrumentation_FDROID/com.angryburg.uapp_425.apk,com.angryburg.uapp,com.angryburg.uapp.utils.ParcelableMap.java
instrumentation/instrumentation_FDROID/com.angryburg.uapp_425.apk,com.angryburg.uapp,com.angryburg.uapp.utils.PropertiesSingleton.java
instrumentation/instrumentation_FDROID/com.anthony.deepl.openl_6.apk,com.anthony.deepl.openl,com.anthony.deepl.openl.view.translation.TranslationActivity.java
instrumentation/instrumentation_FDROID/com.anthony.deepl.openl_6.apk,com.anthony.deepl.openl,com.anthony.deepl.openl.view.translation.TranslationFragment.java
instrumentation/instrumentation_FDROID/com.aptasystems.dicewarepasswordgenerator_9.apk,com.aptasystems.dicewarepasswordgenerator,com.aptasystems.dicewarepasswordgenerator.Diceware.java
instrumentation/instrumentation_FDROID/com.aptasystems.dicewarepasswordgenerator_9.apk,com.aptasystems.dicewarepasswordgenerator,com.aptasystems.dicewarepasswordgenerator.MainActivity$5$3.java
instrumentation/instrumentation_FDROID/com.asksven.betterbatterystats_99.apk,com.asksven.betterbatterystats,com.asksven.betterbatterystats.data.ReferenceStore.java
instrumentation/instrumentation_FDROID/com.bmco.cratesiounofficial_12.apk,com.bmco.cratesiounofficial,com.bmco.cratesiounofficial.c.d.java
instrumentation/instrumentation_FDROID/com.bmco.cratesiounofficial_12.apk,com.bmco.cratesiounofficial,com.bmco.cratesiounofficial.c.f.java
instrumentation/instrumentation_FDROID/com.bytestemplar.tonedef_21.apk,com.bytestemplar.tonedef,com.bytestemplar.tonedef.international.b.java
instrumentation/instrumentation_FDROID/com.cityzen.cityzen_10200199.apk,com.cityzen.cityzen,com.cityzen.cityzen.Utils.MapUtils.PoiCategoryFilter.FilterCategory.java
instrumentation/instrumentation_FDROID/com.cityzen.cityzen_10200199.apk,com.cityzen.cityzen,com.cityzen.cityzen.Utils.MapUtils.PoiCategoryFilter.QueryPois$1.java
instrumentation/instrumentation_FDROID/com.cityzen.cityzen_10200199.apk,com.cityzen.cityzen,com.cityzen.cityzen.Utils.MapUtils.Search.nominatimparser.Place.java
instrumentation/instrumentation_FDROID/com.cityzen.cityzen_10200199.apk,com.cityzen.cityzen,com.cityzen.cityzen.Utils.MapUtils.Search.nominatimparser.Request$GetPlaces.java
instrumentation/instrumentation_FDROID/com.cityzen.cityzen_10200199.apk,com.cityzen.cityzen,com.cityzen.cityzen.Utils.RecyclerView.CategoryColoringUtil.java
instrumentation/instrumentation_FDROID/com.cityzen.cityzen_10200199.apk,com.cityzen.cityzen,com.cityzen.cityzen.Utils.RecyclerView.CategoryDisplayConfig.java
instrumentation/instrumentation_FDROID/com.cookiegames.smartcookie_148.apk,com.cookiegames.smartcookie,com.cookiegames.smartcookie.MainActivity.java
instrumentation/instrumentation_FDROID/com.cookiegames.smartcookie_148.apk,com.cookiegames.smartcookie,com.cookiegames.smartcookie.j0.a.java
instrumentation/instrumentation_FDROID/com.coste.syncorg_10.apk,com.coste.syncorg,com.coste.syncorg.orgdata.OrgFile.java
instrumentation/instrumentation_FDROID/com.coste.syncorg_10.apk,com.coste.syncorg,com.coste.syncorg.orgdata.OrgFileParser.java
instrumentation/instrumentation_FDROID/com.coste.syncorg_10.apk,com.coste.syncorg,com.coste.syncorg.util.SelectionBuilder.java
instrumentation/instrumentation_FDROID/com.damiengo.websiterss_6.apk,com.damiengo.websiterss,com.damiengo.websiterss.ui.articledetail.ArticleDetailActivity.java
instrumentation/instrumentation_FDROID/com.damiengo.websiterss_6.apk,com.damiengo.websiterss,com.damiengo.websiterss.ui.home.MainActivity.java
instrumentation/instrumentation_FDROID/com.danhasting.radar_4.apk,com.danhasting.radar,com.danhasting.radar.database.AppDatabase_Impl.java
instrumentation/instrumentation_FDROID/com.dkanada.chip_2.apk,com.dkanada.chip,com.dkanada.chip.core.CPU.java
instrumentation/instrumentation_FDROID/com.dkanada.chip_2.apk,com.dkanada.chip,com.dkanada.chip.core.instructions.Instruction_0x0000.java
instrumentation/instrumentation_FDROID/com.dkanada.chip_2.apk,com.dkanada.chip,com.dkanada.chip.core.instructions.Instruction_0x8000.java
instrumentation/instrumentation_FDROID/com.dkanada.chip_2.apk,com.dkanada.chip,com.dkanada.chip.core.instructions.Instruction_0xE000.java
instrumentation/instrumentation_FDROID/com.dkanada.chip_2.apk,com.dkanada.chip,com.dkanada.chip.core.instructions.Instruction_0xF000.java
instrumentation/instrumentation_FDROID/com.dosse.bwentrain.androidPlayer_26.apk,com.dosse.bwentrain.androidPlayer,com.dosse.bwentrain.androidPlayer.MainActivity.java
instrumentation/instrumentation_FDROID/com.ds.avare_357.apk,com.ds.avare,com.ds.avare.adsb.TfrCache.java
instrumentation/instrumentation_FDROID/com.ds.avare_357.apk,com.ds.avare,com.ds.avare.utils.RateLimitedBackgroundQueue.java
instrumentation/instrumentation_FDROID/com.ds.avare_357.apk,com.ds.avare,com.ds.avare.weather.AdsbWeatherCache.java
instrumentation/instrumentation_FDROID/com.eletac.tronwallet_37.apk,com.eletac.tronwallet,com.eletac.tronwallet.TronWalletApplication.java
instrumentation/instrumentation_FDROID/com.eletac.tronwallet_37.apk,com.eletac.tronwallet,com.eletac.tronwallet.block_explorer.BlockExplorerUpdater.java
instrumentation/instrumentation_FDROID/com.elsdoerfer.android.autostarts_33.apk,com.elsdoerfer.android.autostarts,com.elsdoerfer.android.autostarts.MyExpandableListAdapter$MapOfIntents.java
instrumentation/instrumentation_FDROID/com.emmanuelmess.simpleaccounting_23.apk,com.emmanuelmess.simpleaccounting,com.emmanuelmess.simpleaccounting.fragments.a.java
instrumentation/instrumentation_FDROID/com.farmerbb.taskbar_203.apk,com.farmerbb.taskbar,com.farmerbb.taskbar.a.c.java
instrumentation/instrumentation_FDROID/com.farmerbb.taskbar_203.apk,com.farmerbb.taskbar,com.farmerbb.taskbar.d.j.java
instrumentation/instrumentation_FDROID/com.farmerbb.taskbar_203.apk,com.farmerbb.taskbar,com.farmerbb.taskbar.f.c.java
instrumentation/instrumentation_FDROID/com.finnmglas.launcher_12.apk,com.finnmglas.launcher,com.finnmglas.launcher.HomeActivity.java
instrumentation/instrumentation_FDROID/com.finnmglas.launcher_12.apk,com.finnmglas.launcher,com.finnmglas.launcher.list.ListActivity.java
instrumentation/instrumentation_FDROID/com.finnmglas.launcher_12.apk,com.finnmglas.launcher,com.finnmglas.launcher.settings.SettingsActivity.java
instrumentation/instrumentation_FDROID/com.finnmglas.launcher_12.apk,com.finnmglas.launcher,com.finnmglas.launcher.settings.actions.SettingsFragmentActionsRecycler.java
instrumentation/instrumentation_FDROID/com.finnmglas.launcher_12.apk,com.finnmglas.launcher,com.finnmglas.launcher.tutorial.TutorialActivity.java
instrumentation/instrumentation_FDROID/com.flx_apps.digitaldetox_11000.apk,com.flx_apps.digitaldetox,com.flx_apps.digitaldetox.HomeFragment_.java
instrumentation/instrumentation_FDROID/com.flx_apps.digitaldetox_11000.apk,com.flx_apps.digitaldetox,com.flx_apps.digitaldetox.MainActivity_.java
instrumentation/instrumentation_FDROID/com.flx_apps.digitaldetox_11000.apk,com.flx_apps.digitaldetox,com.flx_apps.digitaldetox.NoPermissionsFragment_.java
instrumentation/instrumentation_FDROID/com.flx_apps.digitaldetox_11000.apk,com.flx_apps.digitaldetox,com.flx_apps.digitaldetox.prefs.PreferenceFragment_$DoomScrollingPreferencesFragment_.java
instrumentation/instrumentation_FDROID/com.flx_apps.digitaldetox_11000.apk,com.flx_apps.digitaldetox,com.flx_apps.digitaldetox.prefs.PreferenceFragment_$GrayscalePreferencesFragment_.java
instrumentation/instrumentation_FDROID/com.flx_apps.digitaldetox_11000.apk,com.flx_apps.digitaldetox,com.flx_apps.digitaldetox.prefs.PreferenceFragment_$PauseButtonPreferencesFragment_.java
instrumentation/instrumentation_FDROID/com.flx_apps.digitaldetox_11000.apk,com.flx_apps.digitaldetox,com.flx_apps.digitaldetox.prefs.PreferenceFragment_$ZenModePreferencesFragment_.java
instrumentation/instrumentation_FDROID/com.forrestguice.suntimeswidget_79.apk,com.forrestguice.suntimeswidget,com.forrestguice.suntimeswidget.EquinoxView$EquinoxViewAdapter.java
instrumentation/instrumentation_FDROID/com.forrestguice.suntimeswidget_79.apk,com.forrestguice.suntimeswidget,com.forrestguice.suntimeswidget.calculator.SuntimesMoonData.java
instrumentation/instrumentation_FDROID/com.forrestguice.suntimeswidget_79.apk,com.forrestguice.suntimeswidget,com.forrestguice.suntimeswidget.cards.CardAdapter.java
instrumentation/instrumentation_FDROID/com.futurice.android.reservator_21.apk,com.futurice.android.reservator,com.futurice.android.reservator.model.platformcalendar.PlatformCalendarDataProxy.java
instrumentation/instrumentation_FDROID/com.gabm.fancyplaces_9.apk,com.gabm.fancyplaces,com.gabm.fancyplaces.b.a.java
instrumentation/instrumentation_FDROID/com.games.boardgames.aeonsend_1.apk,com.games.boardgames.aeonsend,com.games.boardgames.aeonsend.fragments.ExpansionFragment.java
instrumentation/instrumentation_FDROID/com.gianlu.pretendyourexyzzy_88.apk,com.gianlu.pretendyourexyzzy,com.gianlu.pretendyourexyzzy.api.ServersChecker$CheckResult$Stats.java
instrumentation/instrumentation_FDROID/com.gianlu.pretendyourexyzzy_88.apk,com.gianlu.pretendyourexyzzy,com.gianlu.pretendyourexyzzy.api.models.CahConfig.java
instrumentation/instrumentation_FDROID/com.github.funkyg.funkytunes_7.apk,com.github.funkyg.funkytunes,com.github.funkyg.funkytunes.network.PirateBayAdapter$search_mirror$request$1.java
instrumentation/instrumentation_FDROID/com.github.funkyg.funkytunes_7.apk,com.github.funkyg.funkytunes,com.github.funkyg.funkytunes.network.SkyTorrentsAdapter$search_mirror$request$1.java
instrumentation/instrumentation_FDROID/com.github.siggel.coordinatejoker_28.apk,com.github.siggel.coordinatejoker,com.github.siggel.coordinatejoker.h.java
instrumentation/instrumentation_FDROID/com.github.yeriomin.smsscheduler_5.apk,com.github.yeriomin.smsscheduler,com.github.yeriomin.smsscheduler.view.BuilderSpinner.java
instrumentation/instrumentation_FDROID/com.github.yeriomin.smsscheduler_5.apk,com.github.yeriomin.smsscheduler,com.github.yeriomin.smsscheduler.view.ContactsTask.java
instrumentation/instrumentation_FDROID/com.github.yeriomin.yalpstore_46.apk,com.github.yeriomin.yalpstore,com.github.yeriomin.yalpstore.AppListActivity.java
instrumentation/instrumentation_FDROID/com.github.yeriomin.yalpstore_46.apk,com.github.yeriomin.yalpstore,com.github.yeriomin.yalpstore.SpoofDeviceManager.java
instrumentation/instrumentation_FDROID/com.github.yeriomin.yalpstore_46.apk,com.github.yeriomin.yalpstore,com.github.yeriomin.yalpstore.SqliteHelper.java
instrumentation/instrumentation_FDROID/com.github.yeriomin.yalpstore_46.apk,com.github.yeriomin.yalpstore,com.github.yeriomin.yalpstore.Util.java
instrumentation/instrumentation_FDROID/com.github.yeriomin.yalpstore_46.apk,com.github.yeriomin.yalpstore,com.github.yeriomin.yalpstore.bugreport.BugReportDeviceInfoBuilder.java
instrumentation/instrumentation_FDROID/com.github.yeriomin.yalpstore_46.apk,com.github.yeriomin.yalpstore,com.github.yeriomin.yalpstore.bugreport.BugReportMessageBuilder.java
instrumentation/instrumentation_FDROID/com.github.yeriomin.yalpstore_46.apk,com.github.yeriomin.yalpstore,com.github.yeriomin.yalpstore.bugreport.BugReportPreferencesBuilder.java
instrumentation/instrumentation_FDROID/com.github.yeriomin.yalpstore_46.apk,com.github.yeriomin.yalpstore,com.github.yeriomin.yalpstore.fragment.FilterMenu.java
instrumentation/instrumentation_FDROID/com.github.yeriomin.yalpstore_46.apk,com.github.yeriomin.yalpstore,com.github.yeriomin.yalpstore.fragment.details.Permissions$1.java
instrumentation/instrumentation_FDROID/com.github.yeriomin.yalpstore_46.apk,com.github.yeriomin.yalpstore,com.github.yeriomin.yalpstore.fragment.preference.Blacklist$AppListTask.java
instrumentation/instrumentation_FDROID/com.github.yeriomin.yalpstore_46.apk,com.github.yeriomin.yalpstore,com.github.yeriomin.yalpstore.install.InstallationState.java
instrumentation/instrumentation_FDROID/com.github.yeriomin.yalpstore_46.apk,com.github.yeriomin.yalpstore,com.github.yeriomin.yalpstore.model.App.java
instrumentation/instrumentation_FDROID/com.github.yeriomin.yalpstore_46.apk,com.github.yeriomin.yalpstore,com.github.yeriomin.yalpstore.model.EventDao.java
instrumentation/instrumentation_FDROID/com.github.yeriomin.yalpstore_46.apk,com.github.yeriomin.yalpstore,com.github.yeriomin.yalpstore.model.LoginInfoDao.java
instrumentation/instrumentation_FDROID/com.github.yeriomin.yalpstore_46.apk,com.github.yeriomin.yalpstore,com.github.yeriomin.yalpstore.task.AppListValidityCheckTask.java
instrumentation/instrumentation_FDROID/com.github.yeriomin.yalpstore_46.apk,com.github.yeriomin.yalpstore,com.github.yeriomin.yalpstore.task.InstalledAppsTask.java
instrumentation/instrumentation_FDROID/com.github.yeriomin.yalpstore_46.apk,com.github.yeriomin.yalpstore,com.github.yeriomin.yalpstore.view.LoginDialogBuilder$DeviceSpinnerTask.java
instrumentation/instrumentation_FDROID/com.github.yeriomin.yalpstore_46.apk,com.github.yeriomin.yalpstore,com.github.yeriomin.yalpstore.view.LoginDialogBuilder$LanguageSpinnerTask.java
instrumentation/instrumentation_FDROID/com.github.yeriomin.yalpstore_46.apk,com.github.yeriomin.yalpstore,com.github.yeriomin.yalpstore.view.LoginDialogBuilder.java
instrumentation/instrumentation_FDROID/com.github.yeriomin.yalpstore_46.apk,com.github.yeriomin.yalpstore,com.github.yeriomin.yalpstore.widget.PermissionGroup.java
instrumentation/instrumentation_FDROID/com.haringeymobile.ukweather_30.apk,com.haringeymobile.ukweather,com.haringeymobile.ukweather.database.WeatherContentProvider.java
instrumentation/instrumentation_FDROID/com.hayaisoftware.launcher_10405.apk,com.hayaisoftware.launcher,com.hayaisoftware.launcher.activities.SearchActivity.java
instrumentation/instrumentation_FDROID/com.hayaisoftware.launcher_10405.apk,com.hayaisoftware.launcher,com.hayaisoftware.launcher.c.java
instrumentation/instrumentation_FDROID/com.health.openworkout_14.apk,com.health.openworkout,com.health.openworkout.core.database.AppDatabase_Impl.java
instrumentation/instrumentation_FDROID/com.health.openworkout_14.apk,com.health.openworkout,com.health.openworkout.gui.home.a$b.java
instrumentation/instrumentation_FDROID/com.health.openworkout_14.apk,com.health.openworkout,com.health.openworkout.gui.session.a.java
instrumentation/instrumentation_FDROID/com.health.openworkout_14.apk,com.health.openworkout,com.health.openworkout.gui.session.b$b.java
instrumentation/instrumentation_FDROID/com.health.openworkout_14.apk,com.health.openworkout,com.health.openworkout.gui.training.b$b.java
instrumentation/instrumentation_FDROID/com.health.openworkout_14.apk,com.health.openworkout,com.health.openworkout.gui.workout.b.java
instrumentation/instrumentation_FDROID/com.health.openworkout_14.apk,com.health.openworkout,com.health.openworkout.gui.workout.c$c.java
instrumentation/instrumentation_FDROID/com.health.openworkout_14.apk,com.health.openworkout,com.health.openworkout.gui.workout.e.java
instrumentation/instrumentation_FDROID/com.indieweb.indigenous_64.apk,com.indieweb.indigenous,com.indieweb.indigenous.post.Base.java
instrumentation/instrumentation_FDROID/com.indieweb.indigenous_64.apk,com.indieweb.indigenous,com.indieweb.indigenous.reader.TimelineActivity$7.java
instrumentation/instrumentation_FDROID/com.indieweb.indigenous_64.apk,com.indieweb.indigenous,com.indieweb.indigenous.util.HTTPRequest$3.java
instrumentation/instrumentation_FDROID/com.jairaj.janglegmail.motioneye_79.apk,com.jairaj.janglegmail.motioneye,com.jairaj.janglegmail.motioneye.activities.AboutActivity.java
instrumentation/instrumentation_FDROID/com.jairaj.janglegmail.motioneye_79.apk,com.jairaj.janglegmail.motioneye,com.jairaj.janglegmail.motioneye.activities.AddCamActivity.java
instrumentation/instrumentation_FDROID/com.jairaj.janglegmail.motioneye_79.apk,com.jairaj.janglegmail.motioneye,com.jairaj.janglegmail.motioneye.activities.AddDeviceDetailsActivity.java
instrumentation/instrumentation_FDROID/com.jairaj.janglegmail.motioneye_79.apk,com.jairaj.janglegmail.motioneye,com.jairaj.janglegmail.motioneye.activities.HelpFAQActivity.java
instrumentation/instrumentation_FDROID/com.james.status_43.apk,com.james.status,com.james.status.data.IconStyleData.java
instrumentation/instrumentation_FDROID/com.james.status_43.apk,com.james.status,com.james.status.data.preference.IconPreferenceData.java
instrumentation/instrumentation_FDROID/com.james.status_43.apk,com.james.status,com.james.status.fragments.AppPreferenceFragment.java
instrumentation/instrumentation_FDROID/com.jellyshack.block6_7.apk,com.jellyshack.block6,com.jellyshack.block6.data.DB_Impl.java
instrumentation/instrumentation_FDROID/com.jtmcn.archwiki.viewer_15.apk,com.jtmcn.archwiki.viewer,com.jtmcn.archwiki.viewer.MainActivity.java
instrumentation/instrumentation_FDROID/com.jtmcn.archwiki.viewer_15.apk,com.jtmcn.archwiki.viewer,com.jtmcn.archwiki.viewer.PreferencesActivity.java
instrumentation/instrumentation_FDROID/com.kaliturin.blacklist_18.apk,com.kaliturin.blacklist,com.kaliturin.blacklist.fragments.SMSSendFragment.java
instrumentation/instrumentation_FDROID/com.kaliturin.blacklist_18.apk,com.kaliturin.blacklist,com.kaliturin.blacklist.utils.Settings.java
instrumentation/instrumentation_FDROID/com.keylesspalace.tusky_83.apk,com.keylesspalace.tusky,com.keylesspalace.tusky.db.AppDatabase_Impl.java
instrumentation/instrumentation_FDROID/com.launcher.silverfish_8.apk,com.launcher.silverfish,com.launcher.silverfish.utils.PackagesCategories.java
instrumentation/instrumentation_FDROID/com.liato.bankdroid_222.apk,com.liato.bankdroid,com.liato.bankdroid.banking.banks.AkeliusInvest.java
instrumentation/instrumentation_FDROID/com.liato.bankdroid_222.apk,com.liato.bankdroid,com.liato.bankdroid.banking.banks.AkeliusSpar.java
instrumentation/instrumentation_FDROID/com.liato.bankdroid_222.apk,com.liato.bankdroid,com.liato.bankdroid.banking.banks.Volvofinans.java
instrumentation/instrumentation_FDROID/com.liato.bankdroid_222.apk,com.liato.bankdroid,com.liato.bankdroid.banking.banks.coop.Coop.java
instrumentation/instrumentation_FDROID/com.liato.bankdroid_222.apk,com.liato.bankdroid,com.liato.bankdroid.banking.banks.ica.ICA.java
instrumentation/instrumentation_FDROID/com.liato.bankdroid_222.apk,com.liato.bankdroid,com.liato.bankdroid.banking.banks.lansforsakringar.Lansforsakringar.java
instrumentation/instrumentation_FDROID/com.liato.bankdroid_222.apk,com.liato.bankdroid,com.liato.bankdroid.provider.BankTransactionsProvider.java
instrumentation/instrumentation_FDROID/com.llamacorp.equate_12.apk,com.llamacorp.equate,com.llamacorp.equate.SISuffixHelper.java
instrumentation/instrumentation_FDROID/com.llamacorp.equate_12.apk,com.llamacorp.equate,com.llamacorp.equate.unit.UnitTypeList.java
instrumentation/instrumentation_FDROID/com.marcdonald.hibi_37.apk,com.marcdonald.hibi,com.marcdonald.hibi.data.database.ProductionAppDatabase_Impl.java
instrumentation/instrumentation_FDROID/com.marcdonald.hibi_37.apk,com.marcdonald.hibi,com.marcdonald.hibi.screens.entries.addentry.AddEntryFragmentArgs.java
instrumentation/instrumentation_FDROID/com.marcdonald.hibi_37.apk,com.marcdonald.hibi,com.marcdonald.hibi.screens.main.MainScreenFragmentDirections$AddEntryAction.java
instrumentation/instrumentation_FDROID/com.mde.potdroid_82.apk,com.mde.potdroid,com.mde.potdroid.helpers.i.java
instrumentation/instrumentation_FDROID/com.mikifus.padland_23.apk,com.mikifus.padland,com.mikifus.padland.Adapters.PadListAdapter.java
instrumentation/instrumentation_FDROID/com.mikifus.padland_23.apk,com.mikifus.padland,com.mikifus.padland.PadInfoActivity.java
instrumentation/instrumentation_FDROID/com.mikifus.padland_23.apk,com.mikifus.padland,com.mikifus.padland.PadLandDataActivity.java
instrumentation/instrumentation_FDROID/com.movim.movim_13.apk,com.movim.movim,com.movim.movim.MainActivity.java
instrumentation/instrumentation_FDROID/com.mrbimc.selinux_20171031.apk,com.mrbimc.selinux,com.mrbimc.selinux.MainActivity.java
instrumentation/instrumentation_FDROID/com.murrayc.galaxyzoo.app_64.apk,com.murrayc.galaxyzoo.app,com.murrayc.galaxyzoo.app.bl.java
instrumentation/instrumentation_FDROID/com.murrayc.galaxyzoo.app_64.apk,com.murrayc.galaxyzoo.app,com.murrayc.galaxyzoo.app.m.java
instrumentation/instrumentation_FDROID/com.murrayc.galaxyzoo.app_64.apk,com.murrayc.galaxyzoo.app,com.murrayc.galaxyzoo.app.provider.ItemsContentProvider.java
instrumentation/instrumentation_FDROID/com.murrayc.galaxyzoo.app_64.apk,com.murrayc.galaxyzoo.app,com.murrayc.galaxyzoo.app.provider.a.c.java
instrumentation/instrumentation_FDROID/com.murrayc.galaxyzoo.app_64.apk,com.murrayc.galaxyzoo.app,com.murrayc.galaxyzoo.app.provider.c.java
instrumentation/instrumentation_FDROID/com.murrayc.galaxyzoo.app_64.apk,com.murrayc.galaxyzoo.app,com.murrayc.galaxyzoo.app.s.java
instrumentation/instrumentation_FDROID/com.murrayc.galaxyzoo.app_64.apk,com.murrayc.galaxyzoo.app,com.murrayc.galaxyzoo.app.syncadapter.b.java
instrumentation/instrumentation_FDROID/com.nbossard.packlist_19.apk,com.nbossard.packlist,com.nbossard.packlist.gui.ItemAdapter.java
instrumentation/instrumentation_FDROID/com.nicobrailo.pianoli_15.apk,com.nicobrailo.pianoli,com.nicobrailo.pianoli.PianoCanvas.java
instrumentation/instrumentation_FDROID/com.nishantboro.splititeasy_1.apk,com.nishantboro.splititeasy,com.nishantboro.splititeasy.AppDatabase_Impl.java
instrumentation/instrumentation_FDROID/com.oriondev.moneywallet_75.apk,com.oriondev.moneywallet,com.oriondev.moneywallet.storage.cache.ExchangeRateCache.java
instrumentation/instrumentation_FDROID/com.oriondev.moneywallet_75.apk,com.oriondev.moneywallet,com.oriondev.moneywallet.utils.CurrencyManager.java
instrumentation/instrumentation_FDROID/com.pavelsikun.runinbackgroundpermissionsetter_8.apk,com.pavelsikun.runinbackgroundpermissionsetter,com.pavelsikun.runinbackgroundpermissionsetter.MainActivity.java
instrumentation/instrumentation_FDROID/com.perflyst.twire_523.apk,com.perflyst.twire,com.perflyst.twire.adapters.MainActivityAdapter.java
instrumentation/instrumentation_FDROID/com.perflyst.twire_523.apk,com.perflyst.twire,com.perflyst.twire.fragments.ChangelogDialogFragment$1.java
instrumentation/instrumentation_FDROID/com.perflyst.twire_523.apk,com.perflyst.twire,com.perflyst.twire.fragments.ChangelogDialogFragment$2.java
instrumentation/instrumentation_FDROID/com.poupa.attestationdeplacement_28.apk,com.poupa.attestationdeplacement,com.poupa.attestationdeplacement.db.AppDatabase_Impl.java
instrumentation/instrumentation_FDROID/com.prangesoftwaresolutions.audioanchor_24.apk,com.prangesoftwaresolutions.audioanchor,com.prangesoftwaresolutions.audioanchor.dialogs.FileDialog.java
instrumentation/instrumentation_FDROID/com.procrastimax.birthdaybuddy_17.apk,com.procrastimax.birthdaybuddy,com.procrastimax.birthdaybuddy.MainActivity.java
instrumentation/instrumentation_FDROID/com.quaap.dodatheexploda_3.apk,com.quaap.dodatheexploda,com.quaap.dodatheexploda.SoundEffects.java
instrumentation/instrumentation_FDROID/com.quaap.fishberserker_23.apk,com.quaap.fishberserker,com.quaap.fishberserker.component.SoundEffects.java
instrumentation/instrumentation_FDROID/com.quaap.launchtime_850.apk,com.quaap.launchtime,com.quaap.launchtime.FeedbackActivity.java
instrumentation/instrumentation_FDROID/com.quaap.launchtime_850.apk,com.quaap.launchtime,com.quaap.launchtime.MainActivity.java
instrumentation/instrumentation_FDROID/com.quaap.launchtime_850.apk,com.quaap.launchtime,com.quaap.launchtime.apps.AppLauncher.java
instrumentation/instrumentation_FDROID/com.quaap.launchtime_850.apk,com.quaap.launchtime,com.quaap.launchtime.apps.Badger.java
instrumentation/instrumentation_FDROID/com.quaap.launchtime_850.apk,com.quaap.launchtime,com.quaap.launchtime.components.Categories.java
instrumentation/instrumentation_FDROID/com.quaap.launchtime_850.apk,com.quaap.launchtime,com.quaap.launchtime.components.IconPack.java
instrumentation/instrumentation_FDROID/com.quaap.launchtime_850.apk,com.quaap.launchtime,com.quaap.launchtime.components.IconsHandler.java
instrumentation/instrumentation_FDROID/com.quaap.launchtime_850.apk,com.quaap.launchtime,com.quaap.launchtime.components.Theme$BuiltinTheme.java
instrumentation/instrumentation_FDROID/com.quaap.launchtime_850.apk,com.quaap.launchtime,com.quaap.launchtime.ui.Style.java
instrumentation/instrumentation_FDROID/com.quaap.launchtime_850.apk,com.quaap.launchtime,com.quaap.launchtime.widgets.Widget.java
instrumentation/instrumentation_FDROID/com.quaap.primary_33.apk,com.quaap.primary,com.quaap.primary.base.Level.java
instrumentation/instrumentation_FDROID/com.quaap.primary_33.apk,com.quaap.primary,com.quaap.primary.base.component.HorzItemList.java
instrumentation/instrumentation_FDROID/com.quaap.primary_33.apk,com.quaap.primary,com.quaap.primary.base.component.SoundEffects.java
instrumentation/instrumentation_FDROID/com.quaap.primary_33.apk,com.quaap.primary,com.quaap.primary.base.data.AppData.java
instrumentation/instrumentation_FDROID/com.quaap.primary_33.apk,com.quaap.primary,com.quaap.primary.base.data.Subjects.java
instrumentation/instrumentation_FDROID/com.quchen.flashcard_15.apk,com.quchen.flashcard,com.quchen.flashcard.QuestionFragment.java
instrumentation/instrumentation_FDROID/com.rareventure.gps2_91.apk,com.rareventure.gps2,com.rareventure.gps2.GpsTrailerCrypt.java
instrumentation/instrumentation_FDROID/com.rfo.basic_500.apk,com.rfo.basic,com.rfo.basic.Run$2.java
instrumentation/instrumentation_FDROID/com.rfo.basic_500.apk,com.rfo.basic,com.rfo.basic.Run$Interpreter$53.java
instrumentation/instrumentation_FDROID/com.rfo.basic_500.apk,com.rfo.basic,com.rfo.basic.Run$Interpreter$78.java
instrumentation/instrumentation_FDROID/com.rfo.basic_500.apk,com.rfo.basic,com.rfo.basic.Run$Interpreter.java
instrumentation/instrumentation_FDROID/com.ringdroid_20704.apk,com.ringdroid,com.ringdroid.SongMetadataReader.java
instrumentation/instrumentation_FDROID/com.rubenwardy.minetestmodmanager_23.apk,com.rubenwardy.minetestmodmanager,com.rubenwardy.minetestmodmanager.models.Game.java
instrumentation/instrumentation_FDROID/com.rubenwardy.minetestmodmanager_23.apk,com.rubenwardy.minetestmodmanager,com.rubenwardy.minetestmodmanager.models.MinetestConf.java
instrumentation/instrumentation_FDROID/com.rubenwardy.minetestmodmanager_23.apk,com.rubenwardy.minetestmodmanager,com.rubenwardy.minetestmodmanager.models.ModList.java
instrumentation/instrumentation_FDROID/com.ruesga.rview_69.apk,com.ruesga.rview,com.ruesga.rview.misc.Formatter.java
instrumentation/instrumentation_FDROID/com.ruesga.rview_69.apk,com.ruesga.rview,com.ruesga.rview.misc.w.java
instrumentation/instrumentation_FDROID/com.ruesga.rview_69.apk,com.ruesga.rview,com.ruesga.rview.x0.r.java
instrumentation/instrumentation_FDROID/com.sahdeepsingh.Bop_13.apk,com.sahdeepsingh.Bop,com.sahdeepsingh.Bop.b.e.java
instrumentation/instrumentation_FDROID/com.sahdeepsingh.Bop_13.apk,com.sahdeepsingh.Bop,com.sahdeepsingh.Bop.d.a.java
instrumentation/instrumentation_FDROID/com.samebits.beacon.locator_122.apk,com.samebits.beacon.locator,com.samebits.beacon.locator.ui.adapter.TrackedBeaconAdapter.java
instrumentation/instrumentation_FDROID/com.scraperclub.android_1.apk,com.scraperclub.android,com.scraperclub.android.api.http.HttpRequest.java
instrumentation/instrumentation_FDROID/com.sentienhq.launcher_165.apk,com.sentienhq.launcher,com.sentienhq.launcher.DataHandler.java
instrumentation/instrumentation_FDROID/com.sentienhq.launcher_165.apk,com.sentienhq.launcher,com.sentienhq.launcher.IconsHandler.java
instrumentation/instrumentation_FDROID/com.sentienhq.launcher_165.apk,com.sentienhq.launcher,com.sentienhq.launcher.TagsHandler.java
instrumentation/instrumentation_FDROID/com.sentienhq.launcher_165.apk,com.sentienhq.launcher,com.sentienhq.launcher.adapter.RecordAdapter.java
instrumentation/instrumentation_FDROID/com.sentienhq.launcher_165.apk,com.sentienhq.launcher,com.sentienhq.launcher.loader.LoadContactsPojos.java
instrumentation/instrumentation_FDROID/com.sentienhq.launcher_165.apk,com.sentienhq.launcher,com.sentienhq.launcher.searcher.ApplicationsSearcher.java
instrumentation/instrumentation_FDROID/com.sentienhq.launcher_165.apk,com.sentienhq.launcher,com.sentienhq.launcher.searcher.QuerySearcher.java
instrumentation/instrumentation_FDROID/com.sentienhq.launcher_165.apk,com.sentienhq.launcher,com.sentienhq.launcher.searcher.Searcher.java
instrumentation/instrumentation_FDROID/com.sentienhq.launcher_165.apk,com.sentienhq.launcher,com.sentienhq.launcher.ui.AnimatedListView.java
instrumentation/instrumentation_FDROID/com.simplemobiletools.camera_77.apk,com.simplemobiletools.camera,com.simplemobiletools.camera.activities.MainActivity.java
instrumentation/instrumentation_FDROID/com.simplemobiletools.contacts_35.apk,com.simplemobiletools.contacts,com.simplemobiletools.contacts.activities.DialpadActivity.java
instrumentation/instrumentation_FDROID/com.simplemobiletools.contacts_35.apk,com.simplemobiletools.contacts,com.simplemobiletools.contacts.activities.EditContactActivity.java
instrumentation/instrumentation_FDROID/com.simplemobiletools.contacts_35.apk,com.simplemobiletools.contacts,com.simplemobiletools.contacts.activities.GroupContactsActivity.java
instrumentation/instrumentation_FDROID/com.simplemobiletools.contacts_35.apk,com.simplemobiletools.contacts,com.simplemobiletools.contacts.activities.MainActivity.java
instrumentation/instrumentation_FDROID/com.simplemobiletools.contacts_35.apk,com.simplemobiletools.contacts,com.simplemobiletools.contacts.activities.SettingsActivity.java
instrumentation/instrumentation_FDROID/com.simplemobiletools.contacts_35.apk,com.simplemobiletools.contacts,com.simplemobiletools.contacts.fragments.ContactsFragment.java
instrumentation/instrumentation_FDROID/com.simplemobiletools.contacts_35.apk,com.simplemobiletools.contacts,com.simplemobiletools.contacts.fragments.FavoritesFragment.java
instrumentation/instrumentation_FDROID/com.simplemobiletools.contacts_35.apk,com.simplemobiletools.contacts,com.simplemobiletools.contacts.fragments.GroupsFragment.java
instrumentation/instrumentation_FDROID/com.simplemobiletools.contacts_35.apk,com.simplemobiletools.contacts,com.simplemobiletools.contacts.fragments.RecentsFragment.java
instrumentation/instrumentation_FDROID/com.simplemobiletools.draw_39.apk,com.simplemobiletools.draw,com.simplemobiletools.draw.activities.MainActivity.java
instrumentation/instrumentation_FDROID/com.simplemobiletools.draw_39.apk,com.simplemobiletools.draw,com.simplemobiletools.draw.activities.SettingsActivity.java
instrumentation/instrumentation_FDROID/com.simplemobiletools.gallery_207.apk,com.simplemobiletools.gallery,com.simplemobiletools.gallery.adapters.MyPagerAdapter.java
instrumentation/instrumentation_FDROID/com.simplemobiletools.gallery_207.apk,com.simplemobiletools.gallery,com.simplemobiletools.gallery.fragments.PhotoFragment.java
instrumentation/instrumentation_FDROID/com.simplemobiletools.gallery_207.apk,com.simplemobiletools.gallery,com.simplemobiletools.gallery.helpers.MediaFetcher.java
instrumentation/instrumentation_FDROID/com.simplemobiletools.notes_54.apk,com.simplemobiletools.notes,com.simplemobiletools.notes.activities.MainActivity.java
instrumentation/instrumentation_FDROID/com.simplemobiletools.notes_54.apk,com.simplemobiletools.notes,com.simplemobiletools.notes.activities.SettingsActivity.java
instrumentation/instrumentation_FDROID/com.simplemobiletools.notes_54.apk,com.simplemobiletools.notes,com.simplemobiletools.notes.d.a.java
instrumentation/instrumentation_FDROID/com.spisoft.quicknote_241.apk,com.spisoft.quicknote,com.spisoft.quicknote.browser.NoteAdapter.java
instrumentation/instrumentation_FDROID/com.spisoft.quicknote_241.apk,com.spisoft.quicknote,com.spisoft.quicknote.databases.CacheManager.java
instrumentation/instrumentation_FDROID/com.spisoft.quicknote_241.apk,com.spisoft.quicknote,com.spisoft.quicknote.databases.KeywordsHelper.java
instrumentation/instrumentation_FDROID/com.spisoft.quicknote_241.apk,com.spisoft.quicknote,com.spisoft.quicknote.server.HttpServer.java
instrumentation/instrumentation_FDROID/com.thesis.yatta_2.apk,com.thesis.yatta,com.thesis.yatta.commander.Commander.java
instrumentation/instrumentation_FDROID/com.thesis.yatta_2.apk,com.thesis.yatta,com.thesis.yatta.model.database.FlashCardDatabase_Impl.java
instrumentation/instrumentation_FDROID/com.thesis.yatta_2.apk,com.thesis.yatta,com.thesis.yatta.sm2.Scheduler$1.java
instrumentation/instrumentation_FDROID/com.thesis.yatta_2.apk,com.thesis.yatta,com.thesis.yatta.sm2.Scheduler.java
instrumentation/instrumentation_FDROID/com.thesis.yatta_2.apk,com.thesis.yatta,com.thesis.yatta.sm2.Session.java
instrumentation/instrumentation_FDROID/com.todobom.opennotescanner_35.apk,com.todobom.opennotescanner,com.todobom.opennotescanner.ImageProcessor.java
instrumentation/instrumentation_FDROID/com.tomatodev.timerdroid_1412312.apk,com.tomatodev.timerdroid,com.tomatodev.timerdroid.persistence.CategoriesProvider.java
instrumentation/instrumentation_FDROID/com.tomatodev.timerdroid_1412312.apk,com.tomatodev.timerdroid,com.tomatodev.timerdroid.persistence.TimersProvider.java
instrumentation/instrumentation_FDROID/com.tomatodev.timerdroid_1412312.apk,com.tomatodev.timerdroid,com.tomatodev.timerdroid.persistence.WidgetProvider.java
instrumentation/instrumentation_FDROID/com.tomatodev.timerdroid_1412312.apk,com.tomatodev.timerdroid,com.tomatodev.timerdroid.service.TimerService.java
instrumentation/instrumentation_FDROID/com.tomer.draw_100.apk,com.tomer.draw,com.tomer.draw.windows.drawings.b.java
instrumentation/instrumentation_FDROID/com.truchsess.send2car_13.apk,com.truchsess.send2car,com.truchsess.send2car.MainActivity.java
instrumentation/instrumentation_FDROID/com.truchsess.send2car_13.apk,com.truchsess.send2car,com.truchsess.send2car.PlaceFragment.java
instrumentation/instrumentation_FDROID/com.ultramegatech.ey_36.apk,com.ultramegatech.ey,com.ultramegatech.ey.r.b.java
instrumentation/instrumentation_FDROID/com.ultramegatech.ey_36.apk,com.ultramegatech.ey,com.ultramegatech.ey.s.b.java
instrumentation/instrumentation_FDROID/com.utyf.pmetro_114.apk,com.utyf.pmetro,com.utyf.pmetro.map.Graph.java
instrumentation/instrumentation_FDROID/com.vaudibert.canidrive_17.apk,com.vaudibert.canidrive,com.vaudibert.canidrive.data.DrinkDatabase_Impl.java
instrumentation/instrumentation_FDROID/com.veniosg.dir_1560.apk,com.veniosg.dir,com.veniosg.dir.android.c.g.java
instrumentation/instrumentation_FDROID/com.veniosg.dir_1560.apk,com.veniosg.dir,com.veniosg.dir.android.fragment.j.java
instrumentation/instrumentation_FDROID/com.xabber.android_644.apk,com.xabber.android,com.xabber.android.data.Application.java
instrumentation/instrumentation_FDROID/com.xabber.android_644.apk,com.xabber.android,com.xabber.android.data.account.AccountManager.java
instrumentation/instrumentation_FDROID/com.xabber.android_644.apk,com.xabber.android,com.xabber.android.data.connection.ReconnectionManager.java
instrumentation/instrumentation_FDROID/com.xabber.android_644.apk,com.xabber.android,com.xabber.android.data.entity.NestedMap.java
instrumentation/instrumentation_FDROID/com.xabber.android_644.apk,com.xabber.android,com.xabber.android.data.extension.avatar.AvatarManager.java
instrumentation/instrumentation_FDROID/com.xabber.android_644.apk,com.xabber.android,com.xabber.android.data.extension.blocking.BlockingManager.java
instrumentation/instrumentation_FDROID/com.xabber.android_644.apk,com.xabber.android,com.xabber.android.data.extension.iqlast.LastActivityInteractor.java
instrumentation/instrumentation_FDROID/com.xabber.android_644.apk,com.xabber.android,com.xabber.android.data.extension.mam.NextMamManager.java
instrumentation/instrumentation_FDROID/com.xabber.android_644.apk,com.xabber.android,com.xabber.android.data.extension.otr.OTRManager.java
instrumentation/instrumentation_FDROID/com.xabber.android_644.apk,com.xabber.android,com.xabber.android.data.extension.vcard.VCardManager.java
instrumentation/instrumentation_FDROID/com.xabber.android_644.apk,com.xabber.android,com.xabber.android.data.groupchat.GroupchatUserManager.java
instrumentation/instrumentation_FDROID/com.xabber.android_644.apk,com.xabber.android,com.xabber.android.data.notification.MessageNotificationManager.java
instrumentation/instrumentation_FDROID/com.xabber.android_644.apk,com.xabber.android,com.xabber.android.data.push.PushManager.java
instrumentation/instrumentation_FDROID/com.xabber.android_644.apk,com.xabber.android,com.xabber.android.data.roster.PresenceManager.java
instrumentation/instrumentation_FDROID/com.xabber.android_644.apk,com.xabber.android,com.xabber.android.data.xaccount.XMPPAuthManager.java
instrumentation/instrumentation_FDROID/com.xabber.android_644.apk,com.xabber.android,com.xabber.android.data.xaccount.XabberAccountManager.java
instrumentation/instrumentation_FDROID/com.yubico.yubioath_20199.apk,com.yubico.yubioath,com.yubico.yubioath.ui.add.AddCredentialFragment.java
instrumentation/instrumentation_FDROID/com.yubico.yubioath_20199.apk,com.yubico.yubioath,com.yubico.yubioath.ui.main.CredentialFragment.java
instrumentation/instrumentation_FDROID/com.zzzmode.appopsx_125.apk,com.zzzmode.appopsx,com.zzzmode.appopsx.ui.core.Helper$1.java
instrumentation/instrumentation_FDROID/com.zzzmode.appopsx_125.apk,com.zzzmode.appopsx,com.zzzmode.appopsx.ui.core.Helper$27.java
instrumentation/instrumentation_FDROID/com.zzzmode.appopsx_125.apk,com.zzzmode.appopsx,com.zzzmode.appopsx.ui.core.Helper.java
instrumentation/instrumentation_FDROID/com.zzzmode.appopsx_125.apk,com.zzzmode.appopsx,com.zzzmode.appopsx.ui.core.LangHelper.java
instrumentation/instrumentation_FDROID/cz.martykan.forecastie_66.apk,cz.martykan.forecastie,cz.martykan.forecastie.activities.MainActivity.java
instrumentation/instrumentation_FDROID/de.hskl.contacts_1.apk,de.hskl.contacts,de.hskl.contacts.Helper.DBHelper.java
instrumentation/instrumentation_FDROID/de.hskl.contacts_1.apk,de.hskl.contacts,de.hskl.contacts.contact_create_activity.java
instrumentation/instrumentation_FDROID/de.ktran.anno1404warenrechner_1.apk,de.ktran.anno1404warenrechner,de.ktran.anno1404warenrechner.EventBusIndex.java
instrumentation/instrumentation_FDROID/de.ktran.anno1404warenrechner_1.apk,de.ktran.anno1404warenrechner,de.ktran.anno1404warenrechner.data.Game.java
instrumentation/instrumentation_FDROID/de.ktran.anno1404warenrechner_1.apk,de.ktran.anno1404warenrechner,de.ktran.anno1404warenrechner.data.Population.java
instrumentation/instrumentation_FDROID/io.github.lonamiwebs.stringlate_1007.apk,io.github.lonamiwebs.stringlate,io.github.lonamiwebs.stringlate.adapters.LocaleEntryAdapter.java
instrumentation/instrumentation_FDROID/io.github.lonamiwebs.stringlate_1007.apk,io.github.lonamiwebs.stringlate,io.github.lonamiwebs.stringlate.classes.sources.GitSource.java
instrumentation/instrumentation_FDROID/miccah.mpvremote_1.apk,miccah.mpvremote,miccah.mpvremote.DirectoryListing.java
instrumentation/instrumentation_FDROID/miccah.mpvremote_1.apk,miccah.mpvremote,miccah.mpvremote.UDPPacket.java
instrumentation/instrumentation_FDROID/net.nitroshare.android_40.apk,net.nitroshare.android,net.nitroshare.android.ui.ShareActivity$a.java
instrumentation/instrumentation_FDROID/org.ligi.fahrplan_50.apk,org.ligi.fahrplan,org.ligi.fahrplan.FahrplanFragment.java
instrumentation/instrumentation_FDROID/org.ligi.fahrplan_50.apk,org.ligi.fahrplan,org.ligi.fahrplan.MyApp.java
instrumentation/instrumentation_FDROID/org.ligi.fahrplan_50.apk,org.ligi.fahrplan,org.ligi.fahrplan.TrackBackgrounds.java
instrumentation/instrumentation_FDROID/org.ligi.fahrplan_50.apk,org.ligi.fahrplan,org.ligi.fahrplan.TrustManagerFactory$SecureX509TrustManager.java
instrumentation/instrumentation_FDROID/org.ligi.fahrplan_50.apk,org.ligi.fahrplan,org.ligi.fahrplan.parser.java
instrumentation/instrumentation_FDROID/org.ligi.gobandroid_hd_259.apk,org.ligi.gobandroid_hd,org.ligi.gobandroid_hd.ui.CustomActionBar.java
instrumentation/instrumentation_FDROID/org.ligi.gobandroid_hd_259.apk,org.ligi.gobandroid_hd,org.ligi.gobandroid_hd.ui.GoSoundManager.java
instrumentation/instrumentation_FDROID/org.ligi.gobandroid_hd_259.apk,org.ligi.gobandroid_hd,org.ligi.gobandroid_hd.ui.editing.EditGameActivity.java
instrumentation/instrumentation_FDROID/org.ligi.gobandroid_hd_259.apk,org.ligi.gobandroid_hd,org.ligi.gobandroid_hd.ui.editing.EditGameExtrasFragment.java
instrumentation/instrumentation_FDROID/org.ligi.gobandroid_hd_259.apk,org.ligi.gobandroid_hd,org.ligi.gobandroid_hd.ui.fragments.NavigationFragment.java
instrumentation/instrumentation_FDROID/org.ligi.gobandroid_hd_259.apk,org.ligi.gobandroid_hd,org.ligi.gobandroid_hd.ui.game_setup.GameSetupFragment.java
instrumentation/instrumentation_FDROID/org.ligi.gobandroid_hd_259.apk,org.ligi.gobandroid_hd,org.ligi.gobandroid_hd.ui.game_setup.GoSetupActivity.java
instrumentation/instrumentation_FDROID/org.ligi.gobandroid_hd_259.apk,org.ligi.gobandroid_hd,org.ligi.gobandroid_hd.ui.links.LinksActivity.java
instrumentation/instrumentation_FDROID/org.ligi.gobandroid_hd_259.apk,org.ligi.gobandroid_hd,org.ligi.gobandroid_hd.ui.recording.GameRecordActivity.java
instrumentation/instrumentation_FDROID/org.ligi.gobandroid_hd_259.apk,org.ligi.gobandroid_hd,org.ligi.gobandroid_hd.ui.sgf_listing.SGFFileSystemListActivity.java
instrumentation/instrumentation_FDROID/org.ligi.gobandroid_hd_259.apk,org.ligi.gobandroid_hd,org.ligi.gobandroid_hd.ui.tsumego.TsumegoActivity.java
instrumentation/instrumentation_FDROID/org.ligi.gobandroid_hd_259.apk,org.ligi.gobandroid_hd,org.ligi.gobandroid_hd.ui.tsumego.TsumegoGameExtrasFragment.java
instrumentation/instrumentation_FDROID/tk.superl2.xwifi_3.apk,tk.superl2.xwifi,tk.superl2.xwifi.MainActivity.java
instrumentation/instrumentation_FDROID/wsdfhjxc.taponium_2.apk,wsdfhjxc.taponium,wsdfhjxc.taponium.engine.ResourceKeeper.java
